mol_name,activity,pic50,logS,smiles,neutral_smiles,scaffold,n_measurements
mol1,1,11.0,-7.102964878082275,N#Cc1cncc(COc2cc(OCc3cccc(-c4ccccc4)c3Br)c(Cl)cc2CN2CCCCC2C(=O)O)c1,N#Cc1cncc(COc2cc(OCc3cccc(-c4ccccc4)c3Br)c(Cl)cc2CN2CCCCC2C(=O)O)c1,c1ccc(-c2cccc(COc3ccc(CN4CCCCC4)c(OCc4cccnc4)c3)c2)cc1,1
mol2,1,10.49,-5.464360237121582,COc1cc(C(=O)Nc2cccc(-c3cccc(NC(=O)c4cc(OC)c(CNCC5(O)CC5)cn4)c3C)c2C)ncc1CNCC1(O)CC1,COc1cc(C(=O)Nc2cccc(-c3cccc(NC(=O)c4cc(OC)c(CNCC5(O)CC5)cn4)c3C)c2C)ncc1CNCC1(O)CC1,O=C(Nc1cccc(-c2cccc(NC(=O)c3ccc(CNCC4CC4)cn3)c2)c1)c1ccc(CNCC2CC2)cn1,1
mol3,1,10.47,-6.093686103820801,COc1cc(C(=O)Nc2cccc(-c3cccc(NC(=O)c4cc(OC)c(CNC5CC(C(=O)O)C5)cn4)c3C)c2C)ncc1CNC1CC(C(=O)O)C1,COc1cc(C(=O)Nc2cccc(-c3cccc(NC(=O)c4cc(OC)c(CNC5CC(C(=O)O)C5)cn4)c3C)c2C)ncc1CNC1CC(C(=O)O)C1,O=C(Nc1cccc(-c2cccc(NC(=O)c3ccc(CNC4CCC4)cn3)c2)c1)c1ccc(CNC2CCC2)cn1,1
mol4,1,10.4,-4.887310981750488,COc1cc(C(=O)Nc2cccc(-c3cccc(NC(=O)c4cc(OC)c(CN(C)CCO)cn4)c3C)c2C)ncc1CN(C)CCO,COc1cc(C(=O)Nc2cccc(-c3cccc(NC(=O)c4cc(OC)c(CN(C)CCO)cn4)c3C)c2C)ncc1CN(C)CCO,O=C(Nc1cccc(-c2cccc(NC(=O)c3ccccn3)c2)c1)c1ccccn1,1
mol5,1,10.4,-6.824975490570068,Cc1c(COc2cc(OCc3cccc(C#N)c3)c(CNC(CCO)C(=O)O)cc2Cl)cccc1-c1cccc(COc2cc(OCc3cccnc3)c(CNC(CCO)C(=O)O)cc2Cl)c1,Cc1c(COc2cc(OCc3cccc(C#N)c3)c(CNC(CCO)C(=O)O)cc2Cl)cccc1-c1cccc(COc2cc(OCc3cccnc3)c(CNC(CCO)C(=O)O)cc2Cl)c1,c1ccc(COc2cccc(OCc3cccc(-c4cccc(COc5cccc(OCc6cccnc6)c5)c4)c3)c2)cc1,1
mol6,1,10.29,-5.063037872314453,CS(=O)(=O)c1cncc(COc2nc(OC3CCc4c(-c5cccc6c5CCC6Oc5nc(OCc6cncc(S(C)(=O)=O)c6)c(CN6CC(O)CC6C(=O)O)cc5Cl)cccc43)c(Cl)cc2CN2CC(O)CC2C(=O)O)c1,CS(=O)(=O)c1cncc(COc2nc(OC3CCc4c(-c5cccc6c5CCC6Oc5nc(OCc6cncc(S(C)(=O)=O)c6)c(CN6CC(O)CC6C(=O)O)cc5Cl)cccc43)c(Cl)cc2CN2CC(O)CC2C(=O)O)c1,c1cncc(COc2nc(OC3CCc4c(-c5cccc6c5CCC6Oc5ccc(CN6CCCC6)c(OCc6cccnc6)n5)cccc43)ccc2CN2CCCC2)c1,1
mol7,1,10.24,-5.231686592102051,CC(CO)(NCc1cc(Cl)c(OC2CCc3c(-c4cccc5c4CCC5Oc4nc(OCc5cncc(S(C)(=O)=O)c5)c(CNC(C)(CO)C(=O)O)cc4Cl)cccc32)nc1OCc1cncc(S(C)(=O)=O)c1)C(=O)O,CC(CO)(NCc1cc(Cl)c(OC2CCc3c(-c4cccc5c4CCC5Oc4nc(OCc5cncc(S(C)(=O)=O)c5)c(CNC(C)(CO)C(=O)O)cc4Cl)cccc32)nc1OCc1cncc(S(C)(=O)=O)c1)C(=O)O,c1cncc(COc2cccc(OC3CCc4c(-c5cccc6c5CCC6Oc5cccc(OCc6cccnc6)n5)cccc43)n2)c1,1
mol8,1,10.22,-6.125854015350342,COc1nc(-c2cccc(-c3cccc(-c4cnc(CN5CC6(CC(O)C6)C5)c(OC)n4)c3Cl)c2Cl)cnc1CNCC1CCC(=O)N1,COc1nc(-c2cccc(-c3cccc(-c4cnc(CN5CC6(CC(O)C6)C5)c(OC)n4)c3Cl)c2Cl)cnc1CNCC1CCC(=O)N1,O=C1CCC(CNCc2cnc(-c3cccc(-c4cccc(-c5cnc(CN6CC7(CCC7)C6)cn5)c4)c3)cn2)N1,1
mol9,1,10.22,-4.33582878112793,COc1nc(-c2cccc(-c3cccc(-c4cnc(CNCC5(O)CCS(=O)(=O)C5)c(OC)n4)c3Cl)c2Cl)cnc1CNCC1CCC(=O)N1,COc1nc(-c2cccc(-c3cccc(-c4cnc(CNCC5(O)CCS(=O)(=O)C5)c(OC)n4)c3Cl)c2Cl)cnc1CNCC1CCC(=O)N1,O=C1CCC(CNCc2cnc(-c3cccc(-c4cccc(-c5cnc(CNCC6CCS(=O)(=O)C6)cn5)c4)c3)cn2)N1,1
mol10,1,10.22,-6.183389663696289,COc1nc(-c2cccc(-c3cccc(-c4cnc(CN5CC(C)(CO)C5)c(OC)n4)c3Cl)c2Cl)cnc1CN1CC(C)(CO)C1,COc1nc(-c2cccc(-c3cccc(-c4cnc(CN5CC(C)(CO)C5)c(OC)n4)c3Cl)c2Cl)cnc1CN1CC(C)(CO)C1,c1cc(-c2cccc(-c3cnc(CN4CCC4)cn3)c2)cc(-c2cnc(CN3CCC3)cn2)c1,1
mol11,1,10.22,-5.076793670654297,COc1nc(-c2cccc(-c3cccc(-c4cnc(CN5CC(C)(O)C5)c(OC)n4)c3Cl)c2Cl)cnc1CN1CC(C)(O)C1,COc1nc(-c2cccc(-c3cccc(-c4cnc(CN5CC(C)(O)C5)c(OC)n4)c3Cl)c2Cl)cnc1CN1CC(C)(O)C1,c1cc(-c2cccc(-c3cnc(CN4CCC4)cn3)c2)cc(-c2cnc(CN3CCC3)cn2)c1,1
mol12,1,10.22,-5.234776020050049,COc1nc(-c2cccc(-c3cccc(-c4cnc(CN5CC(F)(CO)C5)c(OC)n4)c3Cl)c2Cl)cnc1CNCC1CCC(=O)N1,COc1nc(-c2cccc(-c3cccc(-c4cnc(CN5CC(F)(CO)C5)c(OC)n4)c3Cl)c2Cl)cnc1CNCC1CCC(=O)N1,O=C1CCC(CNCc2cnc(-c3cccc(-c4cccc(-c5cnc(CN6CCC6)cn5)c4)c3)cn2)N1,1
mol13,1,10.22,-5.12140417098999,COc1nc(-c2cccc(-c3cccc(-c4cnc(CNCC5CCC(=O)N5)c(OC)n4)c3Cl)c2Cl)cnc1CNCc1cnn(CCO)c1,COc1nc(-c2cccc(-c3cccc(-c4cnc(CNCC5CCC(=O)N5)c(OC)n4)c3Cl)c2Cl)cnc1CNCc1cnn(CCO)c1,O=C1CCC(CNCc2cnc(-c3cccc(-c4cccc(-c5cnc(CNCc6cn[nH]c6)cn5)c4)c3)cn2)N1,1
mol14,1,10.19,-6.131788730621338,COc1nc(-c2cccc(-c3cccc4c3CCC4Oc3nc(OC)c(CN4CCCC4C(=O)O)cc3Cl)c2Cl)ccc1CNCC1CCC(=O)N1,COc1nc(-c2cccc(-c3cccc4c3CCC4Oc3nc(OC)c(CN4CCCC4C(=O)O)cc3Cl)c2Cl)ccc1CNCC1CCC(=O)N1,O=C1CCC(CNCc2ccc(-c3cccc(-c4cccc5c4CCC5Oc4ccc(CN5CCCC5)cn4)c3)nc2)N1,1
mol15,1,10.19,-6.301007270812988,COc1nc(-c2cccc(-c3cccc4c3CCC4Oc3nc(OC)c(CN4CC5(C(=O)O)CCC4CC5)cc3Cl)c2Cl)ccc1CNC1CCCCC1O,COc1nc(-c2cccc(-c3cccc4c3CCC4Oc3nc(OC)c(CN4CC5(C(=O)O)CCC4CC5)cc3Cl)c2Cl)ccc1CNC1CCCCC1O,c1cc(-c2ccc(CNC3CCCCC3)cn2)cc(-c2cccc3c2CCC3Oc2ccc(CN3CC4CCC3CC4)cn2)c1,1
mol16,1,10.19,-6.296225070953369,COc1nc(-c2cccc(-c3cccc4c3CCC4Oc3nc(OC)c(CN4CC5(C(=O)O)CCC4CC5)nc3Cl)c2Cl)ccc1CNCC1CCC(=O)N1,COc1nc(-c2cccc(-c3cccc4c3CCC4Oc3nc(OC)c(CN4CC5(C(=O)O)CCC4CC5)nc3Cl)c2Cl)ccc1CNCC1CCC(=O)N1,O=C1CCC(CNCc2ccc(-c3cccc(-c4cccc5c4CCC5Oc4cnc(CN5CC6CCC5CC6)cn4)c3)nc2)N1,1
mol17,1,10.19,-6.080264568328857,COc1nc(-c2cccc(-c3cccc4c3CCC4Oc3nc(OC)c(CN4CC5(C(=O)O)CCC4CC5)nc3Cl)c2Cl)cnc1CNCC1CCC(=O)N1,COc1nc(-c2cccc(-c3cccc4c3CCC4Oc3nc(OC)c(CN4CC5(C(=O)O)CCC4CC5)nc3Cl)c2Cl)cnc1CNCC1CCC(=O)N1,O=C1CCC(CNCc2cnc(-c3cccc(-c4cccc5c4CCC5Oc4cnc(CN5CC6CCC5CC6)cn4)c3)cn2)N1,1
mol18,1,10.19,-5.784083843231201,COc1nc(-c2cccc(-c3cccc4c3CCC4Nc3nc(OC)c(CN(C)C(C)C(=O)O)nc3C(F)(F)F)c2Cl)ccc1CNCC1CCC(=O)N1,COc1nc(-c2cccc(-c3cccc4c3CCC4Nc3nc(OC)c(CN(C)C(C)C(=O)O)nc3C(F)(F)F)c2Cl)ccc1CNCC1CCC(=O)N1,O=C1CCC(CNCc2ccc(-c3cccc(-c4cccc5c4CCC5Nc4cnccn4)c3)nc2)N1,1
mol19,1,10.19,-5.824297904968262,COc1nc(-c2cccc(-c3cccc4c3CCC4Oc3nc(OC)c(CN4CC5(CC(C(=O)O)C5)C4)cc3Cl)c2Cl)ccc1CNCC1CCC(=O)N1,COc1nc(-c2cccc(-c3cccc4c3CCC4Oc3nc(OC)c(CN4CC5(CC(C(=O)O)C5)C4)cc3Cl)c2Cl)ccc1CNCC1CCC(=O)N1,O=C1CCC(CNCc2ccc(-c3cccc(-c4cccc5c4CCC5Oc4ccc(CN5CC6(CCC6)C5)cn4)c3)nc2)N1,1
mol20,1,10.19,-5.496251106262207,CCN(CC(=O)O)Cc1cc(C(F)(F)F)c(OC2CCc3c(-c4cccc(-c5cc(F)c(CNCC6CCC(=O)N6)c(OC)c5)c4Cl)cccc32)nc1OC,CCN(CC(=O)O)Cc1cc(C(F)(F)F)c(OC2CCc3c(-c4cccc(-c5cc(F)c(CNCC6CCC(=O)N6)c(OC)c5)c4Cl)cccc32)nc1OC,O=C1CCC(CNCc2ccc(-c3cccc(-c4cccc5c4CCC5Oc4ccccn4)c3)cc2)N1,1
mol21,1,10.19,-5.899125099182129,COc1nc(-c2cccc(-c3cccc4c3CCC4Oc3nc(OC)c(CN4CC5(CC5)CC4C(=O)O)cc3C(F)(F)F)c2Cl)ccc1CNCC1CCC(=O)N1,COc1nc(-c2cccc(-c3cccc4c3CCC4Oc3nc(OC)c(CN4CC5(CC5)CC4C(=O)O)cc3C(F)(F)F)c2Cl)ccc1CNCC1CCC(=O)N1,O=C1CCC(CNCc2ccc(-c3cccc(-c4cccc5c4CCC5Oc4ccc(CN5CCC6(CC6)C5)cn4)c3)nc2)N1,1
mol22,1,10.19,-6.2454833984375,COc1nc(-c2cccc(-c3cccc4c3CCC4Oc3nc(OC)c(CN4CC5C(C4C(=O)O)C5(C)C)cc3Cl)c2Cl)ccc1CNCC1CCC(=O)N1,COc1nc(-c2cccc(-c3cccc4c3CCC4Oc3nc(OC)c(CN4CC5C(C4C(=O)O)C5(C)C)cc3Cl)c2Cl)ccc1CNCC1CCC(=O)N1,O=C1CCC(CNCc2ccc(-c3cccc(-c4cccc5c4CCC5Oc4ccc(CN5CC6CC6C5)cn4)c3)nc2)N1,1
mol23,1,10.19,-6.19125509262085,COc1nc(-c2cccc(-c3cccc4c3CCC4Oc3nc(OC)c(CN4CC5CC(C(=O)O)C4C5)cc3Cl)c2Cl)ccc1CNCC1CCC(=O)N1,COc1nc(-c2cccc(-c3cccc4c3CCC4Oc3nc(OC)c(CN4CC5CC(C(=O)O)C4C5)cc3Cl)c2Cl)ccc1CNCC1CCC(=O)N1,O=C1CCC(CNCc2ccc(-c3cccc(-c4cccc5c4CCC5Oc4ccc(CN5CC6CCC5C6)cn4)c3)nc2)N1,1
mol24,1,10.19,-5.76967191696167,COc1nc(-c2cccc(-c3cccc4c3CCC4Oc3nc(OC)c(CN4CC5CC4(C(=O)O)C5)cc3C(F)(F)F)c2Cl)ccc1CNCC1CCC(=O)N1,COc1nc(-c2cccc(-c3cccc4c3CCC4Oc3nc(OC)c(CN4CC5CC4(C(=O)O)C5)cc3C(F)(F)F)c2Cl)ccc1CNCC1CCC(=O)N1,O=C1CCC(CNCc2ccc(-c3cccc(-c4cccc5c4CCC5Oc4ccc(CN5CC6CC5C6)cn4)c3)nc2)N1,1
mol25,1,10.19,-6.097621917724609,COc1nc(-c2cccc(-c3cccc4c3CCC4Oc3nc(OC)c(CN4CC5CC4(C(=O)O)C5C)cc3Cl)c2Cl)ccc1CNCC1CCC(=O)N1,COc1nc(-c2cccc(-c3cccc4c3CCC4Oc3nc(OC)c(CN4CC5CC4(C(=O)O)C5C)cc3Cl)c2Cl)ccc1CNCC1CCC(=O)N1,O=C1CCC(CNCc2ccc(-c3cccc(-c4cccc5c4CCC5Oc4ccc(CN5CC6CC5C6)cn4)c3)nc2)N1,1
mol26,1,10.19,-5.943137168884277,COc1nc(-c2cccc(-c3cccc4c3CCC4Oc3nc(OC)c(CNC(C(=O)O)C4CC4)cc3C(F)(F)F)c2Cl)ccc1CNCC1CCC(=O)N1,COc1nc(-c2cccc(-c3cccc4c3CCC4Oc3nc(OC)c(CNC(C(=O)O)C4CC4)cc3C(F)(F)F)c2Cl)ccc1CNCC1CCC(=O)N1,O=C1CCC(CNCc2ccc(-c3cccc(-c4cccc5c4CCC5Oc4ccc(CNCC5CC5)cn4)c3)nc2)N1,1
mol27,1,10.19,-5.672022342681885,COc1nc(-c2cccc(-c3cccc4c3CCC4Oc3nc(OC)c(CN4CC5CC5(C(=O)O)C4)cc3C(F)(F)F)c2Cl)ccc1CNCC1CCC(=O)N1,COc1nc(-c2cccc(-c3cccc4c3CCC4Oc3nc(OC)c(CN4CC5CC5(C(=O)O)C4)cc3C(F)(F)F)c2Cl)ccc1CNCC1CCC(=O)N1,O=C1CCC(CNCc2ccc(-c3cccc(-c4cccc5c4CCC5Oc4ccc(CN5CC6CC6C5)cn4)c3)nc2)N1,1
mol28,1,10.19,-6.090088844299316,COc1nc(-c2cccc(-c3cccc4c3CCC4Oc3nc(OC)c(CN4CC5CC5(C(=O)O)C4)cc3Cl)c2Cl)ccc1CNCC1CCC(=O)N1,COc1nc(-c2cccc(-c3cccc4c3CCC4Oc3nc(OC)c(CN4CC5CC5(C(=O)O)C4)cc3Cl)c2Cl)ccc1CNCC1CCC(=O)N1,O=C1CCC(CNCc2ccc(-c3cccc(-c4cccc5c4CCC5Oc4ccc(CN5CC6CC6C5)cn4)c3)nc2)N1,1
mol29,1,10.19,-5.8201985359191895,COc1nc(-c2cccc(-c3cccc4c3CCC4Oc3nc(OC)c(CN4CC5CC5C4C(=O)O)cc3C(F)(F)F)c2Cl)ccc1CNCC1CCC(=O)N1,COc1nc(-c2cccc(-c3cccc4c3CCC4Oc3nc(OC)c(CN4CC5CC5C4C(=O)O)cc3C(F)(F)F)c2Cl)ccc1CNCC1CCC(=O)N1,O=C1CCC(CNCc2ccc(-c3cccc(-c4cccc5c4CCC5Oc4ccc(CN5CC6CC6C5)cn4)c3)nc2)N1,1
mol30,1,10.19,-5.978772163391113,COc1nc(-c2cccc(-c3cccc4c3CCC4Oc3nc(OC)c(CNC(C(=O)O)C4CC4)cc3C(F)(F)F)c2Cl)ccc1CNC1CC(C)(O)C1,COc1nc(-c2cccc(-c3cccc4c3CCC4Oc3nc(OC)c(CNC(C(=O)O)C4CC4)cc3C(F)(F)F)c2Cl)ccc1CNC1CC(C)(O)C1,c1cc(-c2ccc(CNC3CCC3)cn2)cc(-c2cccc3c2CCC3Oc2ccc(CNCC3CC3)cn2)c1,1
mol31,1,10.19,-5.266012668609619,COc1nc(-c2cccc(-c3cccc4c3CCC4Oc3nc(OC)c(CN4CC5CCC4(C(=O)O)CC5)cc3C(F)(F)F)c2Cl)ccc1CN1CC2(CCC(=O)N2)C1,COc1nc(-c2cccc(-c3cccc4c3CCC4Oc3nc(OC)c(CN4CC5CCC4(C(=O)O)CC5)cc3C(F)(F)F)c2Cl)ccc1CN1CC2(CCC(=O)N2)C1,O=C1CCC2(CN(Cc3ccc(-c4cccc(-c5cccc6c5CCC6Oc5ccc(CN6CC7CCC6CC7)cn5)c4)nc3)C2)N1,1
mol32,1,10.19,-5.771842956542969,COc1nc(-c2cccc(-c3cccc4c3CCC4Oc3nc(OC)c(CN4CC5CCC4(C(=O)O)CC5)cc3C(F)(F)F)c2Cl)ccc1CNCC1CCC(=O)N1,COc1nc(-c2cccc(-c3cccc4c3CCC4Oc3nc(OC)c(CN4CC5CCC4(C(=O)O)CC5)cc3C(F)(F)F)c2Cl)ccc1CNCC1CCC(=O)N1,O=C1CCC(CNCc2ccc(-c3cccc(-c4cccc5c4CCC5Oc4ccc(CN5CC6CCC5CC6)cn4)c3)nc2)N1,1
mol33,1,10.19,-5.893229961395264,CCC1C(C(=O)O)CCN1Cc1nc(C(F)(F)F)c(NC2CCc3c(-c4cccc(-c5ccc(CNCC6CCC(=O)N6)c(OC)n5)c4Cl)cccc32)nc1OC,CCC1C(C(=O)O)CCN1Cc1nc(C(F)(F)F)c(NC2CCc3c(-c4cccc(-c5ccc(CNCC6CCC(=O)N6)c(OC)n5)c4Cl)cccc32)nc1OC,O=C1CCC(CNCc2ccc(-c3cccc(-c4cccc5c4CCC5Nc4cnc(CN5CCCC5)cn4)c3)nc2)N1,1
mol34,1,10.19,-6.219761848449707,CCC1C(C(=O)O)CCN1Cc1cc(Cl)c(OC2CCc3c(-c4cccc(-c5ccc(CNCC6CCC(=O)N6)c(OC)n5)c4Cl)cccc32)nc1OC,CCC1C(C(=O)O)CCN1Cc1cc(Cl)c(OC2CCc3c(-c4cccc(-c5ccc(CNCC6CCC(=O)N6)c(OC)n5)c4Cl)cccc32)nc1OC,O=C1CCC(CNCc2ccc(-c3cccc(-c4cccc5c4CCC5Oc4ccc(CN5CCCC5)cn4)c3)nc2)N1,1
mol35,1,10.19,-5.971989154815674,CCC1C(C(=O)O)CCN1Cc1cc(C(F)(F)F)c(NC2CCc3c(-c4cccc(-c5ccc(CNCC6CCC(=O)N6)c(OC)n5)c4Cl)cccc32)nc1OC,CCC1C(C(=O)O)CCN1Cc1cc(C(F)(F)F)c(NC2CCc3c(-c4cccc(-c5ccc(CNCC6CCC(=O)N6)c(OC)n5)c4Cl)cccc32)nc1OC,O=C1CCC(CNCc2ccc(-c3cccc(-c4cccc5c4CCC5Nc4ccc(CN5CCCC5)cn4)c3)nc2)N1,1
mol36,1,10.19,-5.927223205566406,CCC(NCc1nc(C(F)(F)F)c(NC2CCc3c(-c4cccc(-c5ccc(CNCC6CCC(=O)N6)c(OC)n5)c4Cl)cccc32)nc1OC)C(=O)O,CCC(NCc1nc(C(F)(F)F)c(NC2CCc3c(-c4cccc(-c5ccc(CNCC6CCC(=O)N6)c(OC)n5)c4Cl)cccc32)nc1OC)C(=O)O,O=C1CCC(CNCc2ccc(-c3cccc(-c4cccc5c4CCC5Nc4cnccn4)c3)nc2)N1,1
mol37,1,10.19,-5.863162517547607,COc1nc(-c2cccc(-c3cccc4c3CCC4Oc3nc(OC)c(CN4CC5(C(=O)O)CCC4CC5)nc3C)c2Cl)ccc1CNCC1CCC(=O)N1,COc1nc(-c2cccc(-c3cccc4c3CCC4Oc3nc(OC)c(CN4CC5(C(=O)O)CCC4CC5)nc3C)c2Cl)ccc1CNCC1CCC(=O)N1,O=C1CCC(CNCc2ccc(-c3cccc(-c4cccc5c4CCC5Oc4cnc(CN5CC6CCC5CC6)cn4)c3)nc2)N1,1
mol38,1,10.19,-5.6809821128845215,COc1nc(-c2cccc(-c3cccc4c3CCC4Nc3nc(OC)c(CN(C)CC(=O)O)cc3C(F)(F)F)c2Cl)ccc1CNCC1CCC(=O)N1,COc1nc(-c2cccc(-c3cccc4c3CCC4Nc3nc(OC)c(CN(C)CC(=O)O)cc3C(F)(F)F)c2Cl)ccc1CNCC1CCC(=O)N1,O=C1CCC(CNCc2ccc(-c3cccc(-c4cccc5c4CCC5Nc4ccccn4)c3)nc2)N1,1
mol39,1,10.19,-4.8190155029296875,COc1nc(-c2cccc(-c3cccc(-c4cnc(CNCC5CNC(=O)C5)c(OC)n4)c3Cl)c2Cl)cnc1CNCC1CNC(=O)C1,COc1nc(-c2cccc(-c3cccc(-c4cnc(CNCC5CNC(=O)C5)c(OC)n4)c3Cl)c2Cl)cnc1CNCC1CNC(=O)C1,O=C1CC(CNCc2cnc(-c3cccc(-c4cccc(-c5cnc(CNCC6CNC(=O)C6)cn5)c4)c3)cn2)CN1,1
mol40,1,10.19,-5.4209747314453125,COc1nc(-c2cccc(-c3cccc4c3CCC4Nc3nc(OC)c(CN(C)CC(=O)O)nc3C(F)(F)F)c2Cl)ccc1CNCC1CCC(=O)N1,COc1nc(-c2cccc(-c3cccc4c3CCC4Nc3nc(OC)c(CN(C)CC(=O)O)nc3C(F)(F)F)c2Cl)ccc1CNCC1CCC(=O)N1,O=C1CCC(CNCc2ccc(-c3cccc(-c4cccc5c4CCC5Nc4cnccn4)c3)nc2)N1,1
mol41,1,10.19,-6.205419540405273,COc1nc(-c2cccc(-c3cccc4c3CCC4Oc3nc(OC)c(CN4CC(C(=O)O)C5(CCC5)C4)cc3Cl)c2Cl)ccc1CNCC1CCC(=O)N1,COc1nc(-c2cccc(-c3cccc4c3CCC4Oc3nc(OC)c(CN4CC(C(=O)O)C5(CCC5)C4)cc3Cl)c2Cl)ccc1CNCC1CCC(=O)N1,O=C1CCC(CNCc2ccc(-c3cccc(-c4cccc5c4CCC5Oc4ccc(CN5CCC6(CCC6)C5)cn4)c3)nc2)N1,1
mol42,1,10.19,-6.0050530433654785,COc1nc(-c2cccc(-c3cccc4c3CCC4Oc3nc(OC)c(CN4CC(C(=O)O)C5(CCOC5)C4)cc3Cl)c2Cl)ccc1CNCC1CCC(=O)N1,COc1nc(-c2cccc(-c3cccc4c3CCC4Oc3nc(OC)c(CN4CC(C(=O)O)C5(CCOC5)C4)cc3Cl)c2Cl)ccc1CNCC1CCC(=O)N1,O=C1CCC(CNCc2ccc(-c3cccc(-c4cccc5c4CCC5Oc4ccc(CN5CCC6(CCOC6)C5)cn4)c3)nc2)N1,1
mol43,1,10.19,-6.289175510406494,COc1nc(-c2cccc(-c3cccc4c3CCC4Oc3nc(OC)c(CN4CC(C)(C(=O)O)C4)cc3Cl)c2Cl)ccc1CNCC1CCC(=O)N1,COc1nc(-c2cccc(-c3cccc4c3CCC4Oc3nc(OC)c(CN4CC(C)(C(=O)O)C4)cc3Cl)c2Cl)ccc1CNCC1CCC(=O)N1,O=C1CCC(CNCc2ccc(-c3cccc(-c4cccc5c4CCC5Oc4ccc(CN5CCC5)cn4)c3)nc2)N1,1
mol44,1,10.19,-5.9359049797058105,COc1nc(-c2cccc(-c3cccc4c3CCC4Oc3nc(OC)c(CN4CC(C)(O)C4)cc3C(F)(F)F)c2Cl)ccc1CNCC1CCC(=O)N1,COc1nc(-c2cccc(-c3cccc4c3CCC4Oc3nc(OC)c(CN4CC(C)(O)C4)cc3C(F)(F)F)c2Cl)ccc1CNCC1CCC(=O)N1,O=C1CCC(CNCc2ccc(-c3cccc(-c4cccc5c4CCC5Oc4ccc(CN5CCC5)cn4)c3)nc2)N1,1
mol45,1,10.19,-6.00308084487915,COc1nc(-c2cccc(-c3cccc4c3CCC4Oc3nc(OC)c(CNC(C)(C)C(=O)O)cc3C)c2Cl)ccc1CNCC1CCC(=O)N1,COc1nc(-c2cccc(-c3cccc4c3CCC4Oc3nc(OC)c(CNC(C)(C)C(=O)O)cc3C)c2Cl)ccc1CNCC1CCC(=O)N1,O=C1CCC(CNCc2ccc(-c3cccc(-c4cccc5c4CCC5Oc4ccccn4)c3)nc2)N1,1
mol46,1,10.19,-5.8749895095825195,COc1nc(-c2cccc(-c3cccc4c3CCC4Oc3nc(OC)c(CNC(C)(C)C(=O)O)cc3C(F)(F)F)c2Cl)ccc1CNCC1CCC(=O)N1,COc1nc(-c2cccc(-c3cccc4c3CCC4Oc3nc(OC)c(CNC(C)(C)C(=O)O)cc3C(F)(F)F)c2Cl)ccc1CNCC1CCC(=O)N1,O=C1CCC(CNCc2ccc(-c3cccc(-c4cccc5c4CCC5Oc4ccccn4)c3)nc2)N1,1
mol47,1,10.19,-6.038658142089844,COc1nc(-c2cccc(-c3cccc4c3CCC4Nc3nc(OC)c(CN4C5CCC4(C(=O)O)CC5)nc3C(F)(F)F)c2Cl)ccc1CNCC1CCC(=O)N1,COc1nc(-c2cccc(-c3cccc4c3CCC4Nc3nc(OC)c(CN4C5CCC4(C(=O)O)CC5)nc3C(F)(F)F)c2Cl)ccc1CNCC1CCC(=O)N1,O=C1CCC(CNCc2ccc(-c3cccc(-c4cccc5c4CCC5Nc4cnc(CN5C6CCC5CC6)cn4)c3)nc2)N1,1
mol48,1,10.19,-6.132430553436279,COc1nc(-c2cccc(-c3cccc4c3CCC4Nc3nc(OC)c(CN4C5CCC4(C(=O)O)CC5)cc3C(F)(F)F)c2Cl)ccc1CNCC1CCC(=O)N1,COc1nc(-c2cccc(-c3cccc4c3CCC4Nc3nc(OC)c(CN4C5CCC4(C(=O)O)CC5)cc3C(F)(F)F)c2Cl)ccc1CNCC1CCC(=O)N1,O=C1CCC(CNCc2ccc(-c3cccc(-c4cccc5c4CCC5Nc4ccc(CN5C6CCC5CC6)cn4)c3)nc2)N1,1
mol49,1,10.19,-5.9513678550720215,COc1nc(-c2cccc(-c3cccc4c3CCC4Nc3nc(OC)c(CN4C5CCC4(C(=O)O)CC5)cc3C(F)(F)F)c2Cl)ccc1CN1CC(C)(O)C1,COc1nc(-c2cccc(-c3cccc4c3CCC4Nc3nc(OC)c(CN4C5CCC4(C(=O)O)CC5)cc3C(F)(F)F)c2Cl)ccc1CN1CC(C)(O)C1,c1cc(-c2ccc(CN3CCC3)cn2)cc(-c2cccc3c2CCC3Nc2ccc(CN3C4CCC3CC4)cn2)c1,1
mol50,1,10.19,-6.161973476409912,COc1nc(-c2cccc(-c3cccc4c3CCC4Oc3nc(OC)c(CN4CC(C)C(C(=O)O)C4)cc3Cl)c2Cl)ccc1CNCC1CCC(=O)N1,COc1nc(-c2cccc(-c3cccc4c3CCC4Oc3nc(OC)c(CN4CC(C)C(C(=O)O)C4)cc3Cl)c2Cl)ccc1CNCC1CCC(=O)N1,O=C1CCC(CNCc2ccc(-c3cccc(-c4cccc5c4CCC5Oc4ccc(CN5CCCC5)cn4)c3)nc2)N1,1
mol51,0,4.95,-6.948556900024414,COc1c(COc2ccc(CNCCNC(C)=O)c(OCc3cccc(F)c3)c2)cccc1-c1ccccc1,COc1c(COc2ccc(CNCCNC(C)=O)c(OCc3cccc(F)c3)c2)cccc1-c1ccccc1,c1ccc(COc2cccc(OCc3cccc(-c4ccccc4)c3)c2)cc1,1
mol52,0,4.9,-7.249101161956787,N#Cc1cccc(COc2cc(OCc3cccc(-c4ccccc4F)c3Cl)ccc2CNCCO)c1,N#Cc1cccc(COc2cc(OCc3cccc(-c4ccccc4F)c3Cl)ccc2CNCCO)c1,c1ccc(COc2cccc(OCc3cccc(-c4ccccc4)c3)c2)cc1,1
mol53,0,4.89,-6.7512311935424805,COc1c(COc2ccc(CNCCNC(C)=O)c(OCc3cccnc3F)c2)cccc1-c1ccccc1,COc1c(COc2ccc(CNCCNC(C)=O)c(OCc3cccnc3F)c2)cccc1-c1ccccc1,c1ccc(-c2cccc(COc3cccc(OCc4cccnc4)c3)c2)cc1,1
mol54,0,4.86,-6.641994953155518,COc1cc(COc2cc(OCc3cccc(-c4ccccc4)c3OC)ccc2CNCCNC(C)=O)ccn1,COc1cc(COc2cc(OCc3cccc(-c4ccccc4)c3OC)ccc2CNCCNC(C)=O)ccn1,c1ccc(-c2cccc(COc3cccc(OCc4ccncc4)c3)c2)cc1,1
mol55,0,4.84,-4.7835564613342285,CC(=O)N1CCN(Cc2ccc(O)c(C(=O)C=Cc3cccc(-c4ccccc4)c3C)c2)CC1,CC(=O)N1CCN(Cc2ccc(O)c(C(=O)C=Cc3cccc(-c4ccccc4)c3C)c2)CC1,O=C(C=Cc1cccc(-c2ccccc2)c1)c1cccc(CN2CCNCC2)c1,1
mol56,0,4.84,-5.771932125091553,CCN1CCN(Cc2ccc(O)c(C(=O)C=Cc3cccc(-c4ccccc4)c3C)c2)CC1,CCN1CCN(Cc2ccc(O)c(C(=O)C=Cc3cccc(-c4ccccc4)c3C)c2)CC1,O=C(C=Cc1cccc(-c2ccccc2)c1)c1cccc(CN2CCNCC2)c1,1
mol57,0,4.8,-7.533587455749512,COc1c(COc2ccc(CNCCNC(C)=O)c(OCc3cccc(C#N)c3)c2)cccc1-c1ccc2ccccc2c1,COc1c(COc2ccc(CNCCNC(C)=O)c(OCc3cccc(C#N)c3)c2)cccc1-c1ccc2ccccc2c1,c1ccc(COc2cccc(OCc3cccc(-c4ccc5ccccc5c4)c3)c2)cc1,1
mol58,0,4.8,-7.409154891967773,COc1c(COc2ccc(CNCCNC(C)=O)c(OCc3cccc(C#N)c3)c2)cccc1-c1ccc(F)cc1,COc1c(COc2ccc(CNCCNC(C)=O)c(OCc3cccc(C#N)c3)c2)cccc1-c1ccc(F)cc1,c1ccc(COc2cccc(OCc3cccc(-c4ccccc4)c3)c2)cc1,1
mol59,0,4.79,-6.4580254554748535,O=S(=O)(O)CCNCc1cc(Cl)c(OCc2cccc(-c3ccccc3)c2Br)cc1OCc1cccnc1,O=S(=O)(O)CCNCc1cc(Cl)c(OCc2cccc(-c3ccccc3)c2Br)cc1OCc1cccnc1,c1ccc(-c2cccc(COc3cccc(OCc4cccnc4)c3)c2)cc1,1
mol60,0,4.78,-6.3575663566589355,Cc1c(COc2ccc3nc(CN)c(NCCc4ccccc4)n3c2)cccc1-c1ccccc1,Cc1c(COc2ccc3nc(CN)c(NCCc4ccccc4)n3c2)cccc1-c1ccccc1,c1ccc(CCNc2cnc3ccc(OCc4cccc(-c5ccccc5)c4)cn23)cc1,1
mol61,0,4.76,-6.6499457359313965,COc1c(COc2ccc(CNC(C(=O)O)C(C)O)c(OCc3cccc(C#N)c3)c2)cccc1-c1ccccc1,COc1c(COc2ccc(CNC(C(=O)O)C(C)O)c(OCc3cccc(C#N)c3)c2)cccc1-c1ccccc1,c1ccc(COc2cccc(OCc3cccc(-c4ccccc4)c3)c2)cc1,1
mol62,0,4.74,-7.026643753051758,COc1c(COc2ccc(CNCCNC(C)=O)c(OCc3cccc(C)c3)c2)cccc1-c1ccccc1,COc1c(COc2ccc(CNCCNC(C)=O)c(OCc3cccc(C)c3)c2)cccc1-c1ccccc1,c1ccc(COc2cccc(OCc3cccc(-c4ccccc4)c3)c2)cc1,1
mol63,0,4.72,-7.260749816894531,N#Cc1cccc(COc2cc(OCc3cccc(-c4ccccc4F)c3Cl)ccc2CN2CCC(O)C2)c1,N#Cc1cccc(COc2cc(OCc3cccc(-c4ccccc4F)c3Cl)ccc2CN2CCC(O)C2)c1,c1ccc(COc2cc(OCc3cccc(-c4ccccc4)c3)ccc2CN2CCCC2)cc1,1
mol64,0,4.72,-6.856933116912842,COc1c(COc2ccc(CN3CCCC3C(=O)O)c(OCc3cccc(C#N)c3)c2)cccc1-c1ccccc1,COc1c(COc2ccc(CN3CCCC3C(=O)O)c(OCc3cccc(C#N)c3)c2)cccc1-c1ccccc1,c1ccc(COc2cc(OCc3cccc(-c4ccccc4)c3)ccc2CN2CCCC2)cc1,1
mol65,0,4.66,-6.624231338500977,COc1c(COc2ccc(CN3CC(O)CC3C(=O)O)c(OCc3cccc(C#N)c3)c2)cccc1-c1ccccc1,COc1c(COc2ccc(CN3CC(O)CC3C(=O)O)c(OCc3cccc(C#N)c3)c2)cccc1-c1ccccc1,c1ccc(COc2cc(OCc3cccc(-c4ccccc4)c3)ccc2CN2CCCC2)cc1,1
mol66,0,4.65,-6.482760906219482,Cc1c(CN(C)c2ccc(CNCCO)c(OCc3cccc(C#N)c3)c2)cccc1-c1ccccc1,Cc1c(CN(C)c2ccc(CNCCO)c(OCc3cccc(C#N)c3)c2)cccc1-c1ccccc1,c1ccc(COc2cccc(NCc3cccc(-c4ccccc4)c3)c2)cc1,1
mol67,0,4.64,-7.058809757232666,COc1c(COc2ccc(CNCCNC(C)=O)c(OCc3ccc(C#N)cc3)c2)cccc1-c1ccccc1,COc1c(COc2ccc(CNCCNC(C)=O)c(OCc3ccc(C#N)cc3)c2)cccc1-c1ccccc1,c1ccc(COc2cccc(OCc3cccc(-c4ccccc4)c3)c2)cc1,1
mol68,0,4.64,-6.1410417556762695,Cc1c(COc2ccc3nc(CN)c(NCc4ccccc4)n3c2)cccc1-c1ccc2c(c1)OCCO2,Cc1c(COc2ccc3nc(CN)c(NCc4ccccc4)n3c2)cccc1-c1ccc2c(c1)OCCO2,c1ccc(CNc2cnc3ccc(OCc4cccc(-c5ccc6c(c5)OCCO6)c4)cn23)cc1,1
mol69,0,4.63,-7.122923374176025,COc1c(COc2ccc(CNCCNC(C)=O)c(OCc3cccc(C#N)c3)c2)cccc1-c1ccccc1,COc1c(COc2ccc(CNCCNC(C)=O)c(OCc3cccc(C#N)c3)c2)cccc1-c1ccccc1,c1ccc(COc2cccc(OCc3cccc(-c4ccccc4)c3)c2)cc1,1
mol70,0,4.62,-7.0626091957092285,N#Cc1cncc(COc2cc(OCc3cccc(-c4ccccc4F)c3Cl)ccc2CNCCO)c1,N#Cc1cncc(COc2cc(OCc3cccc(-c4ccccc4F)c3Cl)ccc2CNCCO)c1,c1ccc(-c2cccc(COc3cccc(OCc4cccnc4)c3)c2)cc1,1
mol71,0,4.61,-5.301120758056641,Cc1c(-c2ccccc2)cccc1-c1nnc(Nc2cccc(CNCC(=O)O)c2)o1,Cc1c(-c2ccccc2)cccc1-c1nnc(Nc2cccc(CNCC(=O)O)c2)o1,c1ccc(Nc2nnc(-c3cccc(-c4ccccc4)c3)o2)cc1,1
mol72,0,4.61,-7.35133171081543,CC(=O)NCCNCc1ccc(OCc2cccc(-c3ccccc3F)c2C)cc1OCc1cncc(C#N)c1,CC(=O)NCCNCc1ccc(OCc2cccc(-c3ccccc3F)c2C)cc1OCc1cncc(C#N)c1,c1ccc(-c2cccc(COc3cccc(OCc4cccnc4)c3)c2)cc1,1
mol73,0,4.57,-7.665879726409912,CC(=CC#N)NCc1cc(Cl)c(OCc2cccc(-c3ccccc3)c2Br)cc1OCc1cccnc1,CC(=CC#N)NCc1cc(Cl)c(OCc2cccc(-c3ccccc3)c2Br)cc1OCc1cccnc1,c1ccc(-c2cccc(COc3cccc(OCc4cccnc4)c3)c2)cc1,1
mol74,0,4.56,-4.631908416748047,Cc1c(-c2ccccc2)cccc1-c1nnc(Nc2cccc(CNCCO)c2)o1,Cc1c(-c2ccccc2)cccc1-c1nnc(Nc2cccc(CNCCO)c2)o1,c1ccc(Nc2nnc(-c3cccc(-c4ccccc4)c3)o2)cc1,1
mol75,0,4.56,-5.652370452880859,NC(=O)c1ccccc1NC(=O)c1ccc(-c2ccccc2)cc1,NC(=O)c1ccccc1NC(=O)c1ccc(-c2ccccc2)cc1,O=C(Nc1ccccc1)c1ccc(-c2ccccc2)cc1,1
mol76,0,4.5,-6.389932632446289,COc1c(NCc2ccc(OCc3cccc(C#N)c3)c(CNCCO)c2)cccc1-c1ccccc1,COc1c(NCc2ccc(OCc3cccc(C#N)c3)c(CNCCO)c2)cccc1-c1ccccc1,c1ccc(COc2ccc(CNc3cccc(-c4ccccc4)c3)cc2)cc1,1
mol77,0,4.48,-4.344213008880615,O=C1CC(c2ccc(Cl)cc2)=NN1c1ccccn1,O=C1CC(c2ccc(Cl)cc2)=NN1c1ccccn1,O=C1CC(c2ccccc2)=NN1c1ccccn1,1
mol78,0,4.47,-7.439021110534668,N#Cc1cccc(COc2cc(OCc3cccc(-c4ccccc4F)c3Cl)ccc2CN2CC(C(=O)O)C2)c1,N#Cc1cccc(COc2cc(OCc3cccc(-c4ccccc4F)c3Cl)ccc2CN2CC(C(=O)O)C2)c1,c1ccc(COc2cc(OCc3cccc(-c4ccccc4)c3)ccc2CN2CCC2)cc1,1
mol79,0,4.47,-4.915829181671143,CC(=O)NCCNCc1cccc(Nc2nnc(-c3cccc(-c4ccccc4)c3C)o2)c1,CC(=O)NCCNCc1cccc(Nc2nnc(-c3cccc(-c4ccccc4)c3C)o2)c1,c1ccc(Nc2nnc(-c3cccc(-c4ccccc4)c3)o2)cc1,1
mol80,0,4.47,-5.929929733276367,CCOC(=O)CN1CCc2nc(C(=O)Nc3cccc(-c4cccc(F)c4F)c3Cl)ccc2C1,CCOC(=O)CN1CCc2nc(C(=O)Nc3cccc(-c4cccc(F)c4F)c3Cl)ccc2C1,O=C(Nc1cccc(-c2ccccc2)c1)c1ccc2c(n1)CCNC2,1
mol81,0,4.43,-7.034657955169678,COc1cc(OC(C)=O)c(-c2c(OC(C)=O)cc(OC)c3c2C=CC(C)(CCC2=C(C)CCCC2(C)C)O3)c2c1OC(C)(CCC1=C(C)CCCC1(C)C)C=C2,COc1cc(OC(C)=O)c(-c2c(OC(C)=O)cc(OC)c3c2C=CC(C)(CCC2=C(C)CCCC2(C)C)O3)c2c1OC(C)(CCC1=C(C)CCCC1(C)C)C=C2,C1=CC(CCC2=CCCCC2)Oc2cccc(-c3cccc4c3C=CC(CCC3=CCCCC3)O4)c21,1
mol82,0,4.42,-7.428714752197266,Cc1c(COc2ccc(CNCCO)c(OCc3cccc(C#N)c3)c2)cccc1-c1ccccc1F,Cc1c(COc2ccc(CNCCO)c(OCc3cccc(C#N)c3)c2)cccc1-c1ccccc1F,c1ccc(COc2cccc(OCc3cccc(-c4ccccc4)c3)c2)cc1,1
mol83,0,4.41,-5.938345432281494,COc1ccc(C=Cc2cc(OC)c(OC)c(OC)c2)cc1OCc1ccc(CN2CCC(C(=O)O)C2)cc1,COc1ccc(C=Cc2cc(OC)c(OC)c(OC)c2)cc1OCc1ccc(CN2CCC(C(=O)O)C2)cc1,C(=Cc1cccc(OCc2ccc(CN3CCCC3)cc2)c1)c1ccccc1,1
mol84,0,4.38,-6.081474781036377,COc1ccc(C=Cc2cc(OC)c(OC)c(OC)c2)cc1OCc1ccc(CN2CC(C(=O)O)C2)cc1,COc1ccc(C=Cc2cc(OC)c(OC)c(OC)c2)cc1OCc1ccc(CN2CC(C(=O)O)C2)cc1,C(=Cc1cccc(OCc2ccc(CN3CCC3)cc2)c1)c1ccccc1,1
mol85,0,4.35,-5.203224182128906,COc1ccc(C=Cc2cc(OC)c(OC)c(OC)c2)cc1OCc1ccc(CNCCNC(C)=O)cc1,COc1ccc(C=Cc2cc(OC)c(OC)c(OC)c2)cc1OCc1ccc(CNCCNC(C)=O)cc1,C(=Cc1cccc(OCc2ccccc2)c1)c1ccccc1,1
mol86,0,4.33,-5.763181686401367,Cc1c(-c2ccccc2)cccc1-c1nnc(Nc2cccc(CN3CCC(O)C3)c2)o1,Cc1c(-c2ccccc2)cccc1-c1nnc(Nc2cccc(CN3CCC(O)C3)c2)o1,c1ccc(-c2cccc(-c3nnc(Nc4cccc(CN5CCCC5)c4)o3)c2)cc1,1
mol87,0,4.31,-6.878658294677734,COc1ccc(C=Cc2cc(OC)c(OC)c(OC)c2)cc1OCc1ccc(C=O)cc1,COc1ccc(C=Cc2cc(OC)c(OC)c(OC)c2)cc1OCc1ccc(C=O)cc1,C(=Cc1cccc(OCc2ccccc2)c1)c1ccccc1,1
mol88,0,4.3,-6.352307319641113,Cc1c(COc2cc(OCc3cncc(C#N)c3)c(CN3CCCCC3C(=O)O)cc2Cl)cccc1-c1ccc2ncc(C3=CC4CCC(C3)N4C(=O)OC(C)(C)C)nc2c1,Cc1c(COc2cc(OCc3cncc(C#N)c3)c(CN3CCCCC3C(=O)O)cc2Cl)cccc1-c1ccc2ncc(C3=CC4CCC(C3)N4C(=O)OC(C)(C)C)nc2c1,C1=C(c2cnc3ccc(-c4cccc(COc5ccc(CN6CCCCC6)c(OCc6cccnc6)c5)c4)cc3n2)CC2CCC1N2,1
mol89,0,4.3,-6.426057815551758,COc1cc(OCc2cccc(-c3ccc4oc(C5CCN(c6ccccc6)CC5)nc4c3)c2C)c(Cl)cc1CN1CCCCC1C(=O)O,COc1cc(OCc2cccc(-c3ccc4oc(C5CCN(c6ccccc6)CC5)nc4c3)c2C)c(Cl)cc1CN1CCCCC1C(=O)O,c1ccc(N2CCC(c3nc4cc(-c5cccc(COc6ccc(CN7CCCCC7)cc6)c5)ccc4o3)CC2)cc1,1
mol90,0,4.29,-5.15739631652832,COc1ccc(C=Cc2cc(OC)c(OC)c(OC)c2)cc1OCc1ccc(CNC(C(=O)O)C(C)O)cc1,COc1ccc(C=Cc2cc(OC)c(OC)c(OC)c2)cc1OCc1ccc(CNC(C(=O)O)C(C)O)cc1,C(=Cc1cccc(OCc2ccccc2)c1)c1ccccc1,1
mol91,0,4.28,-6.36616325378418,COc1ccc(C=Cc2cc(OC)c(OC)c(OC)c2)cc1OCc1ccc(CN2CC(O)C(F)C2)cc1,COc1ccc(C=Cc2cc(OC)c(OC)c(OC)c2)cc1OCc1ccc(CN2CC(O)C(F)C2)cc1,C(=Cc1cccc(OCc2ccc(CN3CCCC3)cc2)c1)c1ccccc1,1
mol92,0,4.25,-5.662569046020508,Cc1c(-c2ccccc2)cccc1-c1nnc(Nc2cccc(CNCCCO)c2)o1,Cc1c(-c2ccccc2)cccc1-c1nnc(Nc2cccc(CNCCCO)c2)o1,c1ccc(Nc2nnc(-c3cccc(-c4ccccc4)c3)o2)cc1,1
mol93,0,4.19,-5.884962558746338,Cc1c(-c2ccccc2)cccc1-c1nnc(Nc2cccc(CN3CCOCC3)c2)o1,Cc1c(-c2ccccc2)cccc1-c1nnc(Nc2cccc(CN3CCOCC3)c2)o1,c1ccc(-c2cccc(-c3nnc(Nc4cccc(CN5CCOCC5)c4)o3)c2)cc1,1
mol94,0,4.18,-6.40748405456543,COc1cc(OC(C)=O)cc2c1OC(C)(CCC1=C(C)CCCC1(C)C)C=C2,COc1cc(OC(C)=O)cc2c1OC(C)(CCC1=C(C)CCCC1(C)C)C=C2,C1=CC(CCC2=CCCCC2)Oc2ccccc21,1
mol95,0,4.18,-5.67055606842041,COc1ccc(C=Cc2cc(OC)c(OC)c(OC)c2)cc1OCc1ccc(CN2CCCCC2C(=O)NCCN)cc1,COc1ccc(C=Cc2cc(OC)c(OC)c(OC)c2)cc1OCc1ccc(CN2CCCCC2C(=O)NCCN)cc1,C(=Cc1cccc(OCc2ccc(CN3CCCCC3)cc2)c1)c1ccccc1,1
mol96,0,4.17,-5.734823226928711,Cc1c(-c2ccccc2)cccc1-c1nnc(Nc2cccc(CN(C)CCO)c2)o1,Cc1c(-c2ccccc2)cccc1-c1nnc(Nc2cccc(CN(C)CCO)c2)o1,c1ccc(Nc2nnc(-c3cccc(-c4ccccc4)c3)o2)cc1,1
mol97,0,4.16,-5.360387802124023,Cc1c(-c2ccccc2)cccc1-c1nnc(Nc2cccc(CNC(C)CO)c2)o1,Cc1c(-c2ccccc2)cccc1-c1nnc(Nc2cccc(CNC(C)CO)c2)o1,c1ccc(Nc2nnc(-c3cccc(-c4ccccc4)c3)o2)cc1,1
mol98,0,4.05,-5.859432220458984,COc1ccc(C=Cc2cc(OC)c(OC)c(OC)c2)cc1OCc1ccc(CN2CCC(O)C2)cc1,COc1ccc(C=Cc2cc(OC)c(OC)c(OC)c2)cc1OCc1ccc(CN2CCC(O)C2)cc1,C(=Cc1cccc(OCc2ccc(CN3CCCC3)cc2)c1)c1ccccc1,1
mol99,0,4.04,-4.810858726501465,COc1ccc(C=Cc2cc(OC)c(OC)c(OC)c2)cc1OCc1ccc(CNCCO)cc1,COc1ccc(C=Cc2cc(OC)c(OC)c(OC)c2)cc1OCc1ccc(CNCCO)cc1,C(=Cc1cccc(OCc2ccccc2)c1)c1ccccc1,1
mol100,0,4.01,-5.164309024810791,COc1cc2c(c(O)c1CC=C(C)C)C(=O)CC(c1ccc(O)cc1)O2,COc1cc2c(c(O)c1CC=C(C)C)C(=O)CC(c1ccc(O)cc1)O2,O=C1CC(c2ccccc2)Oc2ccccc21,1
